21,67,"2009-12-27"
49,13,"2009-12-27"
74,80,"2009-12-27"
74,77,"2009-12-27"
74,79,"2009-12-27"
74,80,"2009-12-27"
74,21,"2009-12-27"
77,49,"2009-12-27"
77,73,"2009-12-27"
80,81,"2009-12-27"
80,15,"2009-12-27"
114,115,"2009-12-28","XML::SimpleObject::LibXML => XML::LibXML"
115,14,"2009-12-28","XML::LibXML => libxml2"
115,116,"2009-12-28","XML::LibXML => XML::NamespaceSupport"
115,117,"2009-12-28","XML::LibXML => XML::SAX"
118,16,"2009-12-28","xproto => libxslt"
119,17,"2009-12-28","libXfont => freetype"
